auth_permiso	CREATE TABLE `auth_permiso` (\n  `id` bigint unsigned NOT NULL AUTO_INCREMENT,\n  `codigo` varchar(64) COLLATE utf8mb4_unicode_ci NOT NULL,\n  `descripcion` varchar(255) COLLATE utf8mb4_unicode_ci DEFAULT NULL,\n  `estado` enum('activo','inactivo') COLLATE utf8mb4_unicode_ci NOT NULL DEFAULT 'activo',\n  `user_create` bigint unsigned NOT NULL,\n  `user_update` bigint unsigned NOT NULL,\n  `user_created_at` datetime NOT NULL,\n  `user_update_at` datetime NOT NULL,\n  PRIMARY KEY (`id`),\n  UNIQUE KEY `uq_auth_permiso_codigo` (`codigo`)\n) ENGINE=InnoDB AUTO_INCREMENT=28 DEFAULT CHARSET=utf8mb4 COLLATE=utf8mb4_unicode_ci
auth_rol	CREATE TABLE `auth_rol` (\n  `id` bigint unsigned NOT NULL AUTO_INCREMENT,\n  `nombre` varchar(80) COLLATE utf8mb4_unicode_ci NOT NULL,\n  `estado` enum('activo','inactivo') COLLATE utf8mb4_unicode_ci NOT NULL DEFAULT 'activo',\n  `user_create` bigint unsigned NOT NULL,\n  `user_update` bigint unsigned NOT NULL,\n  `user_created_at` datetime NOT NULL,\n  `user_update_at` datetime NOT NULL,\n  PRIMARY KEY (`id`),\n  UNIQUE KEY `uq_auth_rol_nombre` (`nombre`)\n) ENGINE=InnoDB AUTO_INCREMENT=4 DEFAULT CHARSET=utf8mb4 COLLATE=utf8mb4_unicode_ci
auth_rol_permiso	CREATE TABLE `auth_rol_permiso` (\n  `rol_id` bigint unsigned NOT NULL,\n  `permiso_id` bigint unsigned NOT NULL,\n  `user_create` bigint unsigned NOT NULL,\n  `user_update` bigint unsigned NOT NULL,\n  `user_created_at` datetime NOT NULL,\n  `user_update_at` datetime NOT NULL,\n  PRIMARY KEY (`rol_id`,`permiso_id`),\n  KEY `idx_auth_rol_permiso_permiso` (`permiso_id`),\n  CONSTRAINT `fk_auth_rol_permiso_permiso` FOREIGN KEY (`permiso_id`) REFERENCES `auth_permiso` (`id`) ON DELETE RESTRICT,\n  CONSTRAINT `fk_auth_rol_permiso_rol` FOREIGN KEY (`rol_id`) REFERENCES `auth_rol` (`id`) ON DELETE RESTRICT\n) ENGINE=InnoDB DEFAULT CHARSET=utf8mb4 COLLATE=utf8mb4_unicode_ci
auth_token_blacklist	CREATE TABLE `auth_token_blacklist` (\n  `id` bigint unsigned NOT NULL AUTO_INCREMENT,\n  `token_hash` varchar(64) COLLATE utf8mb4_unicode_ci NOT NULL,\n  `expira_en` datetime NOT NULL,\n  `creado_en` datetime NOT NULL,\n  PRIMARY KEY (`id`),\n  UNIQUE KEY `uq_auth_token_blacklist_hash` (`token_hash`),\n  KEY `idx_auth_token_blacklist_expira` (`expira_en`)\n) ENGINE=InnoDB DEFAULT CHARSET=utf8mb4 COLLATE=utf8mb4_unicode_ci
auth_usuario	CREATE TABLE `auth_usuario` (\n  `id` bigint unsigned NOT NULL AUTO_INCREMENT,\n  `nombre` varchar(120) COLLATE utf8mb4_unicode_ci NOT NULL,\n  `email` varchar(254) COLLATE utf8mb4_unicode_ci NOT NULL,\n  `hash_password` varchar(255) COLLATE utf8mb4_unicode_ci NOT NULL,\n  `estado` enum('activo','inactivo') COLLATE utf8mb4_unicode_ci NOT NULL DEFAULT 'activo',\n  `user_create` bigint unsigned NOT NULL,\n  `user_update` bigint unsigned NOT NULL,\n  `user_created_at` datetime NOT NULL,\n  `user_update_at` datetime NOT NULL,\n  PRIMARY KEY (`id`),\n  UNIQUE KEY `uq_auth_usuario_email` (`email`)\n) ENGINE=InnoDB DEFAULT CHARSET=utf8mb4 COLLATE=utf8mb4_unicode_ci
auth_usuario_rol	CREATE TABLE `auth_usuario_rol` (\n  `usuario_id` bigint unsigned NOT NULL,\n  `rol_id` bigint unsigned NOT NULL,\n  `user_create` bigint unsigned NOT NULL,\n  `user_update` bigint unsigned NOT NULL,\n  `user_created_at` datetime NOT NULL,\n  `user_update_at` datetime NOT NULL,\n  PRIMARY KEY (`usuario_id`,`rol_id`),\n  KEY `idx_auth_usuario_rol_rol` (`rol_id`),\n  CONSTRAINT `fk_auth_usuario_rol_rol` FOREIGN KEY (`rol_id`) REFERENCES `auth_rol` (`id`) ON DELETE RESTRICT,\n  CONSTRAINT `fk_auth_usuario_rol_usuario` FOREIGN KEY (`usuario_id`) REFERENCES `auth_usuario` (`id`) ON DELETE RESTRICT\n) ENGINE=InnoDB DEFAULT CHARSET=utf8mb4 COLLATE=utf8mb4_unicode_ci
cat_categoria	CREATE TABLE `cat_categoria` (\n  `id` bigint unsigned NOT NULL AUTO_INCREMENT,\n  `nombre` varchar(100) COLLATE utf8mb4_unicode_ci NOT NULL,\n  `categoria_padre_id` bigint unsigned DEFAULT NULL,\n  `estado` enum('activo','inactivo') COLLATE utf8mb4_unicode_ci NOT NULL DEFAULT 'activo',\n  `user_create` bigint unsigned NOT NULL,\n  `user_update` bigint unsigned NOT NULL,\n  `user_created_at` datetime NOT NULL,\n  `user_update_at` datetime NOT NULL,\n  PRIMARY KEY (`id`),\n  KEY `idx_cat_categoria_padre` (`categoria_padre_id`),\n  CONSTRAINT `fk_cat_categoria_padre` FOREIGN KEY (`categoria_padre_id`) REFERENCES `cat_categoria` (`id`) ON DELETE RESTRICT\n) ENGINE=InnoDB DEFAULT CHARSET=utf8mb4 COLLATE=utf8mb4_unicode_ci
cat_precio	CREATE TABLE `cat_precio` (\n  `id` bigint unsigned NOT NULL AUTO_INCREMENT,\n  `sucursal_id` bigint unsigned NOT NULL,\n  `producto_id` bigint unsigned NOT NULL,\n  `monto` decimal(12,2) NOT NULL,\n  `moneda` char(3) COLLATE utf8mb4_unicode_ci NOT NULL,\n  `vigente_desde` datetime NOT NULL,\n  `vigente_hasta` datetime DEFAULT NULL,\n  `user_create` bigint unsigned NOT NULL,\n  `user_update` bigint unsigned NOT NULL,\n  `user_created_at` datetime NOT NULL,\n  `user_update_at` datetime NOT NULL,\n  PRIMARY KEY (`id`),\n  UNIQUE KEY `uq_cat_precio_sucursal_producto_desde` (`sucursal_id`,`producto_id`,`vigente_desde`),\n  KEY `fk_cat_precio_producto` (`producto_id`),\n  CONSTRAINT `fk_cat_precio_producto` FOREIGN KEY (`producto_id`) REFERENCES `cat_producto` (`id`) ON DELETE RESTRICT,\n  CONSTRAINT `fk_cat_precio_sucursal` FOREIGN KEY (`sucursal_id`) REFERENCES `core_sucursal` (`id`) ON DELETE RESTRICT,\n  CONSTRAINT `chk_cat_precio_monto` CHECK ((`monto` >= 0))\n) ENGINE=InnoDB DEFAULT CHARSET=utf8mb4 COLLATE=utf8mb4_unicode_ci
cat_producto	CREATE TABLE `cat_producto` (\n  `id` bigint unsigned NOT NULL AUTO_INCREMENT,\n  `sku` varchar(64) COLLATE utf8mb4_unicode_ci NOT NULL,\n  `nombre` varchar(150) COLLATE utf8mb4_unicode_ci NOT NULL,\n  `categoria_id` bigint unsigned NOT NULL,\n  `unidad` varchar(32) COLLATE utf8mb4_unicode_ci NOT NULL,\n  `estado` enum('activo','inactivo') COLLATE utf8mb4_unicode_ci NOT NULL DEFAULT 'activo',\n  `user_create` bigint unsigned NOT NULL,\n  `user_update` bigint unsigned NOT NULL,\n  `user_created_at` datetime NOT NULL,\n  `user_update_at` datetime NOT NULL,\n  PRIMARY KEY (`id`),\n  UNIQUE KEY `uq_cat_producto_sku` (`sku`),\n  KEY `idx_cat_producto_categoria` (`categoria_id`),\n  CONSTRAINT `fk_cat_producto_categoria` FOREIGN KEY (`categoria_id`) REFERENCES `cat_categoria` (`id`) ON DELETE RESTRICT\n) ENGINE=InnoDB DEFAULT CHARSET=utf8mb4 COLLATE=utf8mb4_unicode_ci
cat_promocion	CREATE TABLE `cat_promocion` (\n  `id` bigint unsigned NOT NULL AUTO_INCREMENT,\n  `nombre` varchar(120) COLLATE utf8mb4_unicode_ci NOT NULL,\n  `reglas` json NOT NULL,\n  `vigente_desde` datetime NOT NULL,\n  `vigente_hasta` datetime DEFAULT NULL,\n  `estado` enum('activo','inactivo') COLLATE utf8mb4_unicode_ci NOT NULL DEFAULT 'activo',\n  `user_create` bigint unsigned NOT NULL,\n  `user_update` bigint unsigned NOT NULL,\n  `user_created_at` datetime NOT NULL,\n  `user_update_at` datetime NOT NULL,\n  PRIMARY KEY (`id`)\n) ENGINE=InnoDB DEFAULT CHARSET=utf8mb4 COLLATE=utf8mb4_unicode_ci
com_orden_compra	CREATE TABLE `com_orden_compra` (\n  `id` bigint unsigned NOT NULL AUTO_INCREMENT,\n  `numero` varchar(32) COLLATE utf8mb4_unicode_ci NOT NULL,\n  `proveedor_id` bigint unsigned NOT NULL,\n  `estado` enum('draft','enviada','recibida','cancelada') COLLATE utf8mb4_unicode_ci NOT NULL DEFAULT 'draft',\n  `fecha_orden` datetime NOT NULL,\n  `total` decimal(12,2) NOT NULL DEFAULT '0.00',\n  `user_create` bigint unsigned NOT NULL,\n  `user_update` bigint unsigned NOT NULL,\n  `user_created_at` datetime NOT NULL,\n  `user_update_at` datetime NOT NULL,\n  PRIMARY KEY (`id`),\n  UNIQUE KEY `uq_com_orden_compra_numero` (`numero`),\n  KEY `idx_com_orden_compra_proveedor` (`proveedor_id`),\n  CONSTRAINT `fk_com_orden_compra_proveedor` FOREIGN KEY (`proveedor_id`) REFERENCES `com_proveedor` (`id`) ON DELETE RESTRICT,\n  CONSTRAINT `chk_com_orden_compra_total` CHECK ((`total` >= 0))\n) ENGINE=InnoDB DEFAULT CHARSET=utf8mb4 COLLATE=utf8mb4_unicode_ci
com_orden_compra_item	CREATE TABLE `com_orden_compra_item` (\n  `id` bigint unsigned NOT NULL AUTO_INCREMENT,\n  `orden_id` bigint unsigned NOT NULL,\n  `producto_id` bigint unsigned NOT NULL,\n  `cantidad` int unsigned NOT NULL,\n  `precio_pactado` decimal(12,2) NOT NULL,\n  `user_create` bigint unsigned NOT NULL,\n  `user_update` bigint unsigned NOT NULL,\n  `user_created_at` datetime NOT NULL,\n  `user_update_at` datetime NOT NULL,\n  PRIMARY KEY (`id`),\n  UNIQUE KEY `uq_com_orden_item_orden_producto` (`orden_id`,`producto_id`),\n  KEY `idx_com_orden_item_producto` (`producto_id`),\n  CONSTRAINT `fk_com_orden_item_orden` FOREIGN KEY (`orden_id`) REFERENCES `com_orden_compra` (`id`) ON DELETE RESTRICT,\n  CONSTRAINT `fk_com_orden_item_producto` FOREIGN KEY (`producto_id`) REFERENCES `cat_producto` (`id`) ON DELETE RESTRICT,\n  CONSTRAINT `chk_com_orden_item_cantidad` CHECK ((`cantidad` > 0)),\n  CONSTRAINT `chk_com_orden_item_precio` CHECK ((`precio_pactado` >= 0))\n) ENGINE=InnoDB DEFAULT CHARSET=utf8mb4 COLLATE=utf8mb4_unicode_ci
com_producto_promocion	CREATE TABLE `com_producto_promocion` (\n  `producto_id` bigint unsigned NOT NULL,\n  `promocion_id` bigint unsigned NOT NULL,\n  `user_create` bigint unsigned NOT NULL,\n  `user_update` bigint unsigned NOT NULL,\n  `user_created_at` datetime NOT NULL,\n  `user_update_at` datetime NOT NULL,\n  PRIMARY KEY (`producto_id`,`promocion_id`),\n  KEY `idx_com_producto_promocion_promo` (`promocion_id`),\n  CONSTRAINT `fk_com_producto_promocion_producto` FOREIGN KEY (`producto_id`) REFERENCES `cat_producto` (`id`) ON DELETE RESTRICT,\n  CONSTRAINT `fk_com_producto_promocion_promo` FOREIGN KEY (`promocion_id`) REFERENCES `cat_promocion` (`id`) ON DELETE RESTRICT\n) ENGINE=InnoDB DEFAULT CHARSET=utf8mb4 COLLATE=utf8mb4_unicode_ci
com_proveedor	CREATE TABLE `com_proveedor` (\n  `id` bigint unsigned NOT NULL AUTO_INCREMENT,\n  `nombre` varchar(150) COLLATE utf8mb4_unicode_ci NOT NULL,\n  `codigo` varchar(32) COLLATE utf8mb4_unicode_ci DEFAULT NULL,\n  `contacto` varchar(150) COLLATE utf8mb4_unicode_ci DEFAULT NULL,\n  `estado` enum('activo','inactivo') COLLATE utf8mb4_unicode_ci NOT NULL DEFAULT 'activo',\n  `user_create` bigint unsigned NOT NULL,\n  `user_update` bigint unsigned NOT NULL,\n  `user_created_at` datetime NOT NULL,\n  `user_update_at` datetime NOT NULL,\n  PRIMARY KEY (`id`),\n  UNIQUE KEY `uq_com_proveedor_nombre` (`nombre`),\n  UNIQUE KEY `uq_com_proveedor_codigo` (`codigo`)\n) ENGINE=InnoDB DEFAULT CHARSET=utf8mb4 COLLATE=utf8mb4_unicode_ci
com_recepcion	CREATE TABLE `com_recepcion` (\n  `id` bigint unsigned NOT NULL AUTO_INCREMENT,\n  `orden_id` bigint unsigned NOT NULL,\n  `estado` enum('draft','confirmada') COLLATE utf8mb4_unicode_ci NOT NULL DEFAULT 'draft',\n  `fecha` datetime NOT NULL,\n  `usuario_confirma` bigint unsigned DEFAULT NULL,\n  `user_create` bigint unsigned NOT NULL,\n  `user_update` bigint unsigned NOT NULL,\n  `user_created_at` datetime NOT NULL,\n  `user_update_at` datetime NOT NULL,\n  PRIMARY KEY (`id`),\n  KEY `idx_com_recepcion_orden` (`orden_id`),\n  KEY `idx_com_recepcion_usuario` (`usuario_confirma`),\n  CONSTRAINT `fk_com_recepcion_orden` FOREIGN KEY (`orden_id`) REFERENCES `com_orden_compra` (`id`) ON DELETE RESTRICT,\n  CONSTRAINT `fk_com_recepcion_usuario` FOREIGN KEY (`usuario_confirma`) REFERENCES `auth_usuario` (`id`) ON DELETE RESTRICT\n) ENGINE=InnoDB DEFAULT CHARSET=utf8mb4 COLLATE=utf8mb4_unicode_ci
com_recepcion_item	CREATE TABLE `com_recepcion_item` (\n  `id` bigint unsigned NOT NULL AUTO_INCREMENT,\n  `recepcion_id` bigint unsigned NOT NULL,\n  `producto_id` bigint unsigned NOT NULL,\n  `cantidad_recibida` int unsigned NOT NULL,\n  `user_create` bigint unsigned NOT NULL,\n  `user_update` bigint unsigned NOT NULL,\n  `user_created_at` datetime NOT NULL,\n  `user_update_at` datetime NOT NULL,\n  PRIMARY KEY (`id`),\n  UNIQUE KEY `uq_com_recepcion_item_recepcion_producto` (`recepcion_id`,`producto_id`),\n  KEY `idx_com_recepcion_item_recepcion` (`recepcion_id`),\n  KEY `idx_com_recepcion_item_producto` (`producto_id`),\n  CONSTRAINT `fk_com_recepcion_item_producto` FOREIGN KEY (`producto_id`) REFERENCES `cat_producto` (`id`) ON DELETE RESTRICT,\n  CONSTRAINT `fk_com_recepcion_item_recepcion` FOREIGN KEY (`recepcion_id`) REFERENCES `com_recepcion` (`id`) ON DELETE RESTRICT,\n  CONSTRAINT `chk_com_recepcion_item_cantidad` CHECK ((`cantidad_recibida` > 0))\n) ENGINE=InnoDB DEFAULT CHARSET=utf8mb4 COLLATE=utf8mb4_unicode_ci
core_auditoria	CREATE TABLE `core_auditoria` (\n  `id` bigint unsigned NOT NULL AUTO_INCREMENT,\n  `accion` varchar(50) COLLATE utf8mb4_unicode_ci NOT NULL,\n  `entidad_tipo` varchar(80) COLLATE utf8mb4_unicode_ci NOT NULL,\n  `entidad_id` bigint unsigned NOT NULL,\n  `datos_previos` text COLLATE utf8mb4_unicode_ci,\n  `datos_nuevos` text COLLATE utf8mb4_unicode_ci,\n  `usuario_id` bigint unsigned NOT NULL,\n  `motivo` text COLLATE utf8mb4_unicode_ci,\n  `fecha` datetime NOT NULL,\n  `correlation_id` varchar(64) COLLATE utf8mb4_unicode_ci DEFAULT NULL,\n  `user_create` bigint unsigned NOT NULL,\n  `user_update` bigint unsigned NOT NULL,\n  `user_created_at` datetime NOT NULL,\n  `user_update_at` datetime NOT NULL,\n  PRIMARY KEY (`id`),\n  KEY `idx_core_auditoria_entidad` (`entidad_tipo`,`entidad_id`,`fecha`),\n  KEY `idx_core_auditoria_usuario` (`usuario_id`),\n  KEY `idx_core_auditoria_fecha` (`fecha`),\n  CONSTRAINT `fk_core_auditoria_usuario` FOREIGN KEY (`usuario_id`) REFERENCES `auth_usuario` (`id`) ON DELETE RESTRICT\n) ENGINE=InnoDB DEFAULT CHARSET=utf8mb4 COLLATE=utf8mb4_unicode_ci
core_caja_pos	CREATE TABLE `core_caja_pos` (\n  `id` bigint unsigned NOT NULL AUTO_INCREMENT,\n  `sucursal_id` bigint unsigned NOT NULL,\n  `codigo` varchar(32) COLLATE utf8mb4_unicode_ci NOT NULL,\n  `estado` enum('activo','inactivo') COLLATE utf8mb4_unicode_ci NOT NULL DEFAULT 'activo',\n  `user_create` bigint unsigned NOT NULL,\n  `user_update` bigint unsigned NOT NULL,\n  `user_created_at` datetime NOT NULL,\n  `user_update_at` datetime NOT NULL,\n  PRIMARY KEY (`id`),\n  UNIQUE KEY `uq_core_caja_pos_sucursal_codigo` (`sucursal_id`,`codigo`),\n  CONSTRAINT `fk_core_caja_pos_sucursal` FOREIGN KEY (`sucursal_id`) REFERENCES `core_sucursal` (`id`) ON DELETE RESTRICT\n) ENGINE=InnoDB DEFAULT CHARSET=utf8mb4 COLLATE=utf8mb4_unicode_ci
core_cliente	CREATE TABLE `core_cliente` (\n  `id` bigint unsigned NOT NULL AUTO_INCREMENT,\n  `nombre` varchar(150) COLLATE utf8mb4_unicode_ci NOT NULL,\n  `razon_social` varchar(150) COLLATE utf8mb4_unicode_ci DEFAULT NULL,\n  `identificacion` varchar(32) COLLATE utf8mb4_unicode_ci DEFAULT NULL,\n  `email` varchar(254) COLLATE utf8mb4_unicode_ci DEFAULT NULL,\n  `telefono` varchar(32) COLLATE utf8mb4_unicode_ci DEFAULT NULL,\n  `estado` enum('activo','inactivo') COLLATE utf8mb4_unicode_ci NOT NULL DEFAULT 'activo',\n  `user_create` bigint unsigned NOT NULL,\n  `user_update` bigint unsigned NOT NULL,\n  `user_created_at` datetime NOT NULL,\n  `user_update_at` datetime NOT NULL,\n  PRIMARY KEY (`id`),\n  UNIQUE KEY `uq_core_cliente_identificacion` (`identificacion`),\n  KEY `idx_core_cliente_email` (`email`)\n) ENGINE=InnoDB DEFAULT CHARSET=utf8mb4 COLLATE=utf8mb4_unicode_ci
core_configuracion	CREATE TABLE `core_configuracion` (\n  `id` bigint unsigned NOT NULL AUTO_INCREMENT,\n  `clave` varchar(80) COLLATE utf8mb4_unicode_ci NOT NULL,\n  `valor` text COLLATE utf8mb4_unicode_ci NOT NULL,\n  `descripcion` varchar(255) COLLATE utf8mb4_unicode_ci DEFAULT NULL,\n  `user_create` bigint unsigned NOT NULL,\n  `user_update` bigint unsigned NOT NULL,\n  `user_created_at` datetime NOT NULL,\n  `user_update_at` datetime NOT NULL,\n  PRIMARY KEY (`id`),\n  UNIQUE KEY `uq_core_config_clave` (`clave`)\n) ENGINE=InnoDB AUTO_INCREMENT=4 DEFAULT CHARSET=utf8mb4 COLLATE=utf8mb4_unicode_ci
core_idempotency_key	CREATE TABLE `core_idempotency_key` (\n  `key` char(36) COLLATE utf8mb4_unicode_ci NOT NULL,\n  `operacion` varchar(80) COLLATE utf8mb4_unicode_ci NOT NULL,\n  `respuesta` mediumtext COLLATE utf8mb4_unicode_ci,\n  `expiracion` datetime NOT NULL,\n  `creado_en` datetime NOT NULL,\n  PRIMARY KEY (`key`),\n  KEY `idx_core_idem_expiracion` (`expiracion`)\n) ENGINE=InnoDB DEFAULT CHARSET=utf8mb4 COLLATE=utf8mb4_unicode_ci
core_sucursal	CREATE TABLE `core_sucursal` (\n  `id` bigint unsigned NOT NULL AUTO_INCREMENT,\n  `nombre` varchar(120) COLLATE utf8mb4_unicode_ci NOT NULL,\n  `direccion` varchar(255) COLLATE utf8mb4_unicode_ci DEFAULT NULL,\n  `estado` enum('activo','inactivo') COLLATE utf8mb4_unicode_ci NOT NULL DEFAULT 'activo',\n  `user_create` bigint unsigned NOT NULL,\n  `user_update` bigint unsigned NOT NULL,\n  `user_created_at` datetime NOT NULL,\n  `user_update_at` datetime NOT NULL,\n  PRIMARY KEY (`id`)\n) ENGINE=InnoDB DEFAULT CHARSET=utf8mb4 COLLATE=utf8mb4_unicode_ci
inv_ajuste_stock	CREATE TABLE `inv_ajuste_stock` (\n  `id` bigint unsigned NOT NULL AUTO_INCREMENT,\n  `inventario_id` bigint unsigned NOT NULL,\n  `cantidad` int NOT NULL,\n  `motivo` text COLLATE utf8mb4_unicode_ci NOT NULL,\n  `usuario_id` bigint unsigned NOT NULL,\n  `fecha` datetime NOT NULL,\n  `user_create` bigint unsigned NOT NULL,\n  `user_update` bigint unsigned NOT NULL,\n  `user_created_at` datetime NOT NULL,\n  `user_update_at` datetime NOT NULL,\n  PRIMARY KEY (`id`),\n  KEY `idx_inv_ajuste_inventario` (`inventario_id`),\n  KEY `idx_inv_ajuste_usuario` (`usuario_id`),\n  CONSTRAINT `fk_inv_ajuste_inventario` FOREIGN KEY (`inventario_id`) REFERENCES `inv_inventario` (`id`) ON DELETE RESTRICT,\n  CONSTRAINT `fk_inv_ajuste_usuario` FOREIGN KEY (`usuario_id`) REFERENCES `auth_usuario` (`id`) ON DELETE RESTRICT,\n  CONSTRAINT `chk_inv_ajuste_cantidad` CHECK ((`cantidad` <> 0))\n) ENGINE=InnoDB DEFAULT CHARSET=utf8mb4 COLLATE=utf8mb4_unicode_ci
inv_inventario	CREATE TABLE `inv_inventario` (\n  `id` bigint unsigned NOT NULL AUTO_INCREMENT,\n  `producto_id` bigint unsigned NOT NULL,\n  `sucursal_id` bigint unsigned NOT NULL,\n  `stock_available` int unsigned NOT NULL DEFAULT '0',\n  `stock_reserved` int unsigned NOT NULL DEFAULT '0',\n  `stock_sold` int unsigned NOT NULL DEFAULT '0',\n  `version` int unsigned NOT NULL DEFAULT '0',\n  `user_create` bigint unsigned NOT NULL,\n  `user_update` bigint unsigned NOT NULL,\n  `user_created_at` datetime NOT NULL,\n  `user_update_at` datetime NOT NULL,\n  PRIMARY KEY (`id`),\n  UNIQUE KEY `uq_inv_inventario_producto_sucursal` (`producto_id`,`sucursal_id`),\n  KEY `idx_inv_inventario_sucursal` (`sucursal_id`),\n  CONSTRAINT `fk_inv_inventario_producto` FOREIGN KEY (`producto_id`) REFERENCES `cat_producto` (`id`) ON DELETE RESTRICT,\n  CONSTRAINT `fk_inv_inventario_sucursal` FOREIGN KEY (`sucursal_id`) REFERENCES `core_sucursal` (`id`) ON DELETE RESTRICT,\n  CONSTRAINT `chk_inv_inventario_available` CHECK ((`stock_available` >= 0)),\n  CONSTRAINT `chk_inv_inventario_reserved` CHECK ((`stock_reserved` >= 0)),\n  CONSTRAINT `chk_inv_inventario_sold` CHECK ((`stock_sold` >= 0))\n) ENGINE=InnoDB DEFAULT CHARSET=utf8mb4 COLLATE=utf8mb4_unicode_ci
inv_movimiento_inventario	CREATE TABLE `inv_movimiento_inventario` (\n  `id` bigint unsigned NOT NULL AUTO_INCREMENT,\n  `inventario_id` bigint unsigned NOT NULL,\n  `producto_id` bigint unsigned NOT NULL,\n  `sucursal_id` bigint unsigned NOT NULL,\n  `tipo` enum('entrada','salida','reserva','liberacion','ajuste','devolucion','transferencia_salida','transferencia_entrada','recepcion') COLLATE utf8mb4_unicode_ci NOT NULL,\n  `cantidad` int NOT NULL,\n  `referencia_tipo` varchar(50) COLLATE utf8mb4_unicode_ci DEFAULT NULL,\n  `referencia_id` bigint unsigned DEFAULT NULL,\n  `usuario_id` bigint unsigned NOT NULL,\n  `motivo` text COLLATE utf8mb4_unicode_ci,\n  `fecha` datetime NOT NULL,\n  `user_create` bigint unsigned NOT NULL,\n  `user_update` bigint unsigned NOT NULL,\n  `user_created_at` datetime NOT NULL,\n  `user_update_at` datetime NOT NULL,\n  PRIMARY KEY (`id`),\n  KEY `idx_inv_mov_inventario` (`inventario_id`,`fecha`),\n  KEY `idx_inv_mov_producto_fecha` (`producto_id`,`fecha`),\n  KEY `idx_inv_mov_sucursal_fecha` (`sucursal_id`,`fecha`),\n  KEY `idx_inv_mov_usuario` (`usuario_id`),\n  CONSTRAINT `fk_inv_mov_inventario` FOREIGN KEY (`inventario_id`) REFERENCES `inv_inventario` (`id`) ON DELETE RESTRICT,\n  CONSTRAINT `fk_inv_mov_producto` FOREIGN KEY (`producto_id`) REFERENCES `cat_producto` (`id`) ON DELETE RESTRICT,\n  CONSTRAINT `fk_inv_mov_sucursal` FOREIGN KEY (`sucursal_id`) REFERENCES `core_sucursal` (`id`) ON DELETE RESTRICT,\n  CONSTRAINT `fk_inv_mov_usuario` FOREIGN KEY (`usuario_id`) REFERENCES `auth_usuario` (`id`) ON DELETE RESTRICT,\n  CONSTRAINT `chk_inv_mov_cantidad` CHECK ((`cantidad` <> 0))\n) ENGINE=InnoDB DEFAULT CHARSET=utf8mb4 COLLATE=utf8mb4_unicode_ci
inv_reserva	CREATE TABLE `inv_reserva` (\n  `id` bigint unsigned NOT NULL AUTO_INCREMENT,\n  `orden_id` bigint unsigned NOT NULL,\n  `inventario_id` bigint unsigned NOT NULL,\n  `cantidad` int unsigned NOT NULL,\n  `estado` enum('pending','confirmed','expired','cancelled') COLLATE utf8mb4_unicode_ci NOT NULL DEFAULT 'pending',\n  `expira_en` datetime NOT NULL,\n  `creado_en` datetime NOT NULL,\n  `user_create` bigint unsigned NOT NULL,\n  `user_update` bigint unsigned NOT NULL,\n  `user_created_at` datetime NOT NULL,\n  `user_update_at` datetime NOT NULL,\n  PRIMARY KEY (`id`),\n  KEY `idx_inv_reserva_orden` (`orden_id`),\n  KEY `idx_inv_reserva_inventario` (`inventario_id`),\n  KEY `idx_inv_reserva_estado_expira` (`estado`,`expira_en`),\n  CONSTRAINT `fk_inv_reserva_inventario` FOREIGN KEY (`inventario_id`) REFERENCES `inv_inventario` (`id`) ON DELETE RESTRICT,\n  CONSTRAINT `fk_inv_reserva_orden` FOREIGN KEY (`orden_id`) REFERENCES `sales_orden_venta` (`id`) ON DELETE RESTRICT,\n  CONSTRAINT `chk_inv_reserva_cantidad` CHECK ((`cantidad` > 0))\n) ENGINE=InnoDB DEFAULT CHARSET=utf8mb4 COLLATE=utf8mb4_unicode_ci
inv_transferencia	CREATE TABLE `inv_transferencia` (\n  `id` bigint unsigned NOT NULL AUTO_INCREMENT,\n  `sucursal_origen_id` bigint unsigned NOT NULL,\n  `sucursal_destino_id` bigint unsigned NOT NULL,\n  `estado` enum('draft','in_transit','received','cancelled') COLLATE utf8mb4_unicode_ci NOT NULL DEFAULT 'draft',\n  `usuario_id` bigint unsigned NOT NULL,\n  `fecha_salida` datetime DEFAULT NULL,\n  `fecha_recepcion` datetime DEFAULT NULL,\n  `user_create` bigint unsigned NOT NULL,\n  `user_update` bigint unsigned NOT NULL,\n  `user_created_at` datetime NOT NULL,\n  `user_update_at` datetime NOT NULL,\n  PRIMARY KEY (`id`),\n  KEY `idx_inv_trans_origen` (`sucursal_origen_id`),\n  KEY `idx_inv_trans_destino` (`sucursal_destino_id`),\n  KEY `idx_inv_trans_usuario` (`usuario_id`),\n  CONSTRAINT `fk_inv_trans_destino` FOREIGN KEY (`sucursal_destino_id`) REFERENCES `core_sucursal` (`id`) ON DELETE RESTRICT,\n  CONSTRAINT `fk_inv_trans_origen` FOREIGN KEY (`sucursal_origen_id`) REFERENCES `core_sucursal` (`id`) ON DELETE RESTRICT,\n  CONSTRAINT `fk_inv_trans_usuario` FOREIGN KEY (`usuario_id`) REFERENCES `auth_usuario` (`id`) ON DELETE RESTRICT,\n  CONSTRAINT `chk_inv_trans_distinta` CHECK ((`sucursal_origen_id` <> `sucursal_destino_id`))\n) ENGINE=InnoDB DEFAULT CHARSET=utf8mb4 COLLATE=utf8mb4_unicode_ci
inv_transferencia_item	CREATE TABLE `inv_transferencia_item` (\n  `id` bigint unsigned NOT NULL AUTO_INCREMENT,\n  `transferencia_id` bigint unsigned NOT NULL,\n  `producto_id` bigint unsigned NOT NULL,\n  `cantidad` int unsigned NOT NULL,\n  `user_create` bigint unsigned NOT NULL,\n  `user_update` bigint unsigned NOT NULL,\n  `user_created_at` datetime NOT NULL,\n  `user_update_at` datetime NOT NULL,\n  PRIMARY KEY (`id`),\n  UNIQUE KEY `uq_inv_trans_item_trans_producto` (`transferencia_id`,`producto_id`),\n  KEY `idx_inv_trans_item_producto` (`producto_id`),\n  CONSTRAINT `fk_inv_trans_item_producto` FOREIGN KEY (`producto_id`) REFERENCES `cat_producto` (`id`) ON DELETE RESTRICT,\n  CONSTRAINT `fk_inv_trans_item_trans` FOREIGN KEY (`transferencia_id`) REFERENCES `inv_transferencia` (`id`) ON DELETE RESTRICT,\n  CONSTRAINT `chk_inv_trans_item_cantidad` CHECK ((`cantidad` > 0))\n) ENGINE=InnoDB DEFAULT CHARSET=utf8mb4 COLLATE=utf8mb4_unicode_ci
pay_outbox_evento	CREATE TABLE `pay_outbox_evento` (\n  `id` bigint unsigned NOT NULL AUTO_INCREMENT,\n  `agregado_tipo` varchar(50) COLLATE utf8mb4_unicode_ci NOT NULL,\n  `agregado_id` bigint unsigned NOT NULL,\n  `evento_tipo` varchar(80) COLLATE utf8mb4_unicode_ci NOT NULL,\n  `payload` json NOT NULL,\n  `estado` enum('pending','processing','processed','failed') COLLATE utf8mb4_unicode_ci NOT NULL DEFAULT 'pending',\n  `claimed_at` datetime DEFAULT NULL,\n  `correlation_id` varchar(64) COLLATE utf8mb4_unicode_ci NOT NULL,\n  `creado_en` datetime NOT NULL,\n  `procesado_en` datetime DEFAULT NULL,\n  `reintentos` int unsigned NOT NULL DEFAULT '0',\n  PRIMARY KEY (`id`),\n  KEY `idx_pay_outbox_estado_fecha` (`estado`,`creado_en`),\n  KEY `idx_pay_outbox_correlation` (`correlation_id`)\n) ENGINE=InnoDB DEFAULT CHARSET=utf8mb4 COLLATE=utf8mb4_unicode_ci
pay_transaccion_pago	CREATE TABLE `pay_transaccion_pago` (\n  `id` bigint unsigned NOT NULL AUTO_INCREMENT,\n  `orden_id` bigint unsigned NOT NULL,\n  `proveedor_pago` varchar(50) COLLATE utf8mb4_unicode_ci NOT NULL,\n  `referencia_externa` varchar(120) COLLATE utf8mb4_unicode_ci NOT NULL,\n  `monto` decimal(12,2) NOT NULL,\n  `estado` enum('initiated','authorized','failed','refunded','compensated') COLLATE utf8mb4_unicode_ci NOT NULL DEFAULT 'initiated',\n  `idempotency_key` varchar(64) COLLATE utf8mb4_unicode_ci NOT NULL,\n  `fecha` datetime NOT NULL,\n  `user_create` bigint unsigned NOT NULL,\n  `user_update` bigint unsigned NOT NULL,\n  `user_created_at` datetime NOT NULL,\n  `user_update_at` datetime NOT NULL,\n  PRIMARY KEY (`id`),\n  UNIQUE KEY `uq_pay_pago_idempotency` (`idempotency_key`),\n  UNIQUE KEY `uq_pay_pago_proveedor_ref` (`proveedor_pago`,`referencia_externa`),\n  KEY `idx_pay_pago_orden` (`orden_id`),\n  CONSTRAINT `fk_pay_pago_orden` FOREIGN KEY (`orden_id`) REFERENCES `sales_orden_venta` (`id`) ON DELETE RESTRICT,\n  CONSTRAINT `chk_pay_pago_monto` CHECK ((`monto` > 0))\n) ENGINE=InnoDB DEFAULT CHARSET=utf8mb4 COLLATE=utf8mb4_unicode_ci
sales_carrito_web	CREATE TABLE `sales_carrito_web` (\n  `id` bigint unsigned NOT NULL AUTO_INCREMENT,\n  `cliente_id` bigint unsigned DEFAULT NULL,\n  `sesion_key` varchar(64) COLLATE utf8mb4_unicode_ci NOT NULL,\n  `actualizado_en` datetime NOT NULL,\n  `user_create` bigint unsigned NOT NULL,\n  `user_update` bigint unsigned NOT NULL,\n  `user_created_at` datetime NOT NULL,\n  `user_update_at` datetime NOT NULL,\n  PRIMARY KEY (`id`),\n  UNIQUE KEY `uq_sales_carrito_sesion` (`sesion_key`),\n  KEY `idx_sales_carrito_cliente` (`cliente_id`),\n  CONSTRAINT `fk_sales_carrito_cliente` FOREIGN KEY (`cliente_id`) REFERENCES `core_cliente` (`id`) ON DELETE RESTRICT\n) ENGINE=InnoDB DEFAULT CHARSET=utf8mb4 COLLATE=utf8mb4_unicode_ci
sales_carrito_web_item	CREATE TABLE `sales_carrito_web_item` (\n  `id` bigint unsigned NOT NULL AUTO_INCREMENT,\n  `carrito_id` bigint unsigned NOT NULL,\n  `producto_id` bigint unsigned NOT NULL,\n  `cantidad` int unsigned NOT NULL,\n  `user_create` bigint unsigned NOT NULL,\n  `user_update` bigint unsigned NOT NULL,\n  `user_created_at` datetime NOT NULL,\n  `user_update_at` datetime NOT NULL,\n  PRIMARY KEY (`id`),\n  UNIQUE KEY `uq_sales_carrito_item_carrito_producto` (`carrito_id`,`producto_id`),\n  KEY `idx_sales_carrito_item_producto` (`producto_id`),\n  CONSTRAINT `fk_sales_carrito_item_carrito` FOREIGN KEY (`carrito_id`) REFERENCES `sales_carrito_web` (`id`) ON DELETE RESTRICT,\n  CONSTRAINT `fk_sales_carrito_item_producto` FOREIGN KEY (`producto_id`) REFERENCES `cat_producto` (`id`) ON DELETE RESTRICT,\n  CONSTRAINT `chk_sales_carrito_item_cantidad` CHECK ((`cantidad` > 0))\n) ENGINE=InnoDB DEFAULT CHARSET=utf8mb4 COLLATE=utf8mb4_unicode_ci
sales_devolucion	CREATE TABLE `sales_devolucion` (\n  `id` bigint unsigned NOT NULL AUTO_INCREMENT,\n  `orden_original_id` bigint unsigned NOT NULL,\n  `cliente_id` bigint unsigned DEFAULT NULL,\n  `usuario_id` bigint unsigned NOT NULL,\n  `estado` enum('draft','aprobada','rechazada','completada') COLLATE utf8mb4_unicode_ci NOT NULL DEFAULT 'draft',\n  `motivo` text COLLATE utf8mb4_unicode_ci,\n  `monto` decimal(12,2) NOT NULL DEFAULT '0.00',\n  `fecha` datetime NOT NULL,\n  `user_create` bigint unsigned NOT NULL,\n  `user_update` bigint unsigned NOT NULL,\n  `user_created_at` datetime NOT NULL,\n  `user_update_at` datetime NOT NULL,\n  PRIMARY KEY (`id`),\n  KEY `idx_sales_dev_orden` (`orden_original_id`),\n  KEY `idx_sales_dev_cliente` (`cliente_id`),\n  KEY `idx_sales_dev_usuario` (`usuario_id`),\n  CONSTRAINT `fk_sales_dev_cliente` FOREIGN KEY (`cliente_id`) REFERENCES `core_cliente` (`id`) ON DELETE RESTRICT,\n  CONSTRAINT `fk_sales_dev_orden` FOREIGN KEY (`orden_original_id`) REFERENCES `sales_orden_venta` (`id`) ON DELETE RESTRICT,\n  CONSTRAINT `fk_sales_dev_usuario` FOREIGN KEY (`usuario_id`) REFERENCES `auth_usuario` (`id`) ON DELETE RESTRICT,\n  CONSTRAINT `chk_sales_dev_monto` CHECK ((`monto` >= 0))\n) ENGINE=InnoDB DEFAULT CHARSET=utf8mb4 COLLATE=utf8mb4_unicode_ci
sales_devolucion_item	CREATE TABLE `sales_devolucion_item` (\n  `id` bigint unsigned NOT NULL AUTO_INCREMENT,\n  `devolucion_id` bigint unsigned NOT NULL,\n  `producto_id` bigint unsigned NOT NULL,\n  `producto_orden_item_id` bigint unsigned NOT NULL,\n  `cantidad` int unsigned NOT NULL,\n  `monto` decimal(12,2) NOT NULL,\n  `user_create` bigint unsigned NOT NULL,\n  `user_update` bigint unsigned NOT NULL,\n  `user_created_at` datetime NOT NULL,\n  `user_update_at` datetime NOT NULL,\n  PRIMARY KEY (`id`),\n  UNIQUE KEY `uq_sales_dev_item_dev_producto` (`devolucion_id`,`producto_id`),\n  KEY `idx_sales_dev_item_dev` (`devolucion_id`),\n  KEY `idx_sales_dev_item_producto` (`producto_id`),\n  KEY `idx_sales_dev_item_orden_item` (`producto_orden_item_id`),\n  CONSTRAINT `fk_sales_dev_item_dev` FOREIGN KEY (`devolucion_id`) REFERENCES `sales_devolucion` (`id`) ON DELETE RESTRICT,\n  CONSTRAINT `fk_sales_dev_item_orden_item` FOREIGN KEY (`producto_orden_item_id`) REFERENCES `sales_orden_venta_item` (`id`) ON DELETE RESTRICT,\n  CONSTRAINT `fk_sales_dev_item_producto` FOREIGN KEY (`producto_id`) REFERENCES `cat_producto` (`id`) ON DELETE RESTRICT,\n  CONSTRAINT `chk_sales_dev_item_cantidad` CHECK ((`cantidad` > 0)),\n  CONSTRAINT `chk_sales_dev_item_monto` CHECK ((`monto` >= 0))\n) ENGINE=InnoDB DEFAULT CHARSET=utf8mb4 COLLATE=utf8mb4_unicode_ci
sales_orden_venta	CREATE TABLE `sales_orden_venta` (\n  `id` bigint unsigned NOT NULL AUTO_INCREMENT,\n  `numero` varchar(32) COLLATE utf8mb4_unicode_ci NOT NULL,\n  `canal` enum('pos','web') COLLATE utf8mb4_unicode_ci NOT NULL,\n  `cliente_id` bigint unsigned DEFAULT NULL,\n  `sucursal_id` bigint unsigned NOT NULL,\n  `estado` enum('pending','pagada','confirmada','cancelada','devuelta') COLLATE utf8mb4_unicode_ci NOT NULL DEFAULT 'pending',\n  `total` decimal(12,2) NOT NULL DEFAULT '0.00',\n  `idempotency_key` varchar(64) COLLATE utf8mb4_unicode_ci DEFAULT NULL,\n  `fulfillment_type` enum('entrega','retiro') COLLATE utf8mb4_unicode_ci DEFAULT NULL,\n  `fulfillment_direccion` varchar(255) COLLATE utf8mb4_unicode_ci DEFAULT NULL,\n  `fecha_entrega` datetime DEFAULT NULL,\n  `creado_en` datetime NOT NULL,\n  `confirmado_en` datetime DEFAULT NULL,\n  `user_create` bigint unsigned NOT NULL,\n  `user_update` bigint unsigned NOT NULL,\n  `user_created_at` datetime NOT NULL,\n  `user_update_at` datetime NOT NULL,\n  PRIMARY KEY (`id`),\n  UNIQUE KEY `uq_sales_orden_numero` (`numero`),\n  UNIQUE KEY `uq_sales_orden_idempotency` (`idempotency_key`),\n  KEY `idx_sales_orden_cliente` (`cliente_id`),\n  KEY `idx_sales_orden_sucursal` (`sucursal_id`),\n  KEY `idx_sales_orden_estado_fecha` (`estado`,`creado_en`),\n  KEY `idx_sales_orden_sucursal_fecha` (`sucursal_id`,`creado_en`),\n  CONSTRAINT `fk_sales_orden_cliente` FOREIGN KEY (`cliente_id`) REFERENCES `core_cliente` (`id`) ON DELETE RESTRICT,\n  CONSTRAINT `fk_sales_orden_sucursal` FOREIGN KEY (`sucursal_id`) REFERENCES `core_sucursal` (`id`) ON DELETE RESTRICT,\n  CONSTRAINT `chk_sales_orden_total` CHECK ((`total` >= 0))\n) ENGINE=InnoDB DEFAULT CHARSET=utf8mb4 COLLATE=utf8mb4_unicode_ci
sales_orden_venta_item	CREATE TABLE `sales_orden_venta_item` (\n  `id` bigint unsigned NOT NULL AUTO_INCREMENT,\n  `orden_id` bigint unsigned NOT NULL,\n  `producto_id` bigint unsigned NOT NULL,\n  `cantidad` int unsigned NOT NULL,\n  `precio_unitario` decimal(12,2) NOT NULL,\n  `subtotal` decimal(12,2) NOT NULL,\n  `user_create` bigint unsigned NOT NULL,\n  `user_update` bigint unsigned NOT NULL,\n  `user_created_at` datetime NOT NULL,\n  `user_update_at` datetime NOT NULL,\n  PRIMARY KEY (`id`),\n  UNIQUE KEY `uq_sales_item_orden_producto` (`orden_id`,`producto_id`),\n  KEY `idx_sales_item_producto` (`producto_id`),\n  CONSTRAINT `fk_sales_item_orden` FOREIGN KEY (`orden_id`) REFERENCES `sales_orden_venta` (`id`) ON DELETE RESTRICT,\n  CONSTRAINT `fk_sales_item_producto` FOREIGN KEY (`producto_id`) REFERENCES `cat_producto` (`id`) ON DELETE RESTRICT,\n  CONSTRAINT `chk_sales_item_cantidad` CHECK ((`cantidad` > 0)),\n  CONSTRAINT `chk_sales_item_precio` CHECK ((`precio_unitario` >= 0)),\n  CONSTRAINT `chk_sales_item_subtotal` CHECK ((`subtotal` >= 0))\n) ENGINE=InnoDB DEFAULT CHARSET=utf8mb4 COLLATE=utf8mb4_unicode_ci
